date,prcp,tmean,tmin,tmax,airp,relh,srad,wspd
2019-01-01,0.0,-10.1503,-12.1679,-6.0444,97.58324,74.63,42.66,3.46
2019-01-02,0.0,-5.4802,-9.482,2.4182,97.24513,63.25,118.95,3.16
2019-01-03,0.0,0.5755,-5.3251,9.0519,96.70277,55.24,117.79,2.27
2019-01-04,0.0,3.5899,-3.8342,11.9848,96.20039,57.0,118.12,2.3
2019-01-05,0.0,7.1416,-0.0214,16.8382,96.44219,62.09,119.35,2.05
2019-01-06,0.0,10.0741,4.3096,15.866,96.08808,57.22,58.13,5.13
2019-01-07,0.0,11.8356,6.0743,14.7189,95.53925,62.58,95.93,5.79
2019-01-08,0.0,6.6843,2.0267,10.1662,97.0275,50.45,125.88,3.99
2019-01-09,0.0,0.8372,-4.3812,6.041,98.16922,48.31,119.53,1.84
2019-01-10,0.0,0.3483,-4.375,7.983,97.50707,51.23,115.43,3.38
2019-01-11,6.34,2.4562,0.0427,4.4368,96.77521,75.04,15.17,3.76
2019-01-12,9.01,-0.8659,-1.5808,0.0558,96.71808,67.0629083094556,46.55,4.32
2019-01-13,0.27,-2.1471,-2.9511,-1.298,97.74294,92.27,40.98,3.15
2019-01-14,0.0,-2.5399,-4.4353,-0.4831,97.76754,97.06,42.11,3.06
2019-01-15,0.0,-0.9316,-2.5378,0.2044,97.19419,67.0629083094556,58.74,3.49
2019-01-16,0.0,-1.3739,-2.5614,-0.7676,96.99402,67.0629083094556,22.74,3.2567182662538703
2019-01-17,0.07,-1.1366,-2.3014,-0.3366,96.84829,67.0629083094556,34.67,3.2567182662538703
2019-01-18,7.05,0.1325,-1.158,1.8648,96.30491,67.0629083094556,11.93,3.2567182662538703
2019-01-19,2.89,-8.2923,-11.472,-0.2304,96.97303,85.15,122.56,3.2567182662538703
2019-01-20,0.0,-9.0286,-13.2905,-3.2196,97.35305,69.2,119.99,2.59
2019-01-21,0.01,-5.4885,-9.0327,1.3122,96.60321,80.81,64.27,4.69
2019-01-22,2.89,0.0075,-5.5817,3.1047,95.78337,85.2,11.79,3.2567182662538703
2019-01-23,3.12,-7.0235,-10.4708,-2.0587,96.60432,83.91,154.19,3.2567182662538703
2019-01-24,0.0,-3.9231,-9.0353,-1.6299,96.88397,73.85,125.93,3.2567182662538703
2019-01-25,0.0,-6.57,-13.6265,3.5262,97.28669,65.28,118.39,4.3
2019-01-26,0.0,0.3544,-5.0754,5.6695,96.80235,72.33,125.42,2.42
2019-01-27,0.0,1.9135,-3.7015,8.7971,96.55462,78.71,103.34,3.05
2019-01-28,1.01,2.2702,-4.0018,10.0423,96.104,61.69,103.29,6.03
2019-01-29,0.0,-5.9385,-8.8828,-1.1232,97.1723,67.27,110.55,2.47
2019-01-30,0.0,-14.702,-19.1478,-8.8159,97.50645,54.57,107.15,2.57
2019-01-31,0.0,-9.4502,-15.3198,3.2345,96.92374,62.92,135.64,2.79
2019-02-01,2.4585307346326837,2.6445,-2.4563,12.4453,96.8371,61.71,135.66,2.04
2019-02-02,2.4585307346326837,8.763,3.468,15.721,96.49046,89.34,74.41,5.28
2019-02-03,2.4585307346326837,14.1487,11.0592,20.6362,95.52386,80.3,112.66,7.43
2019-02-04,2.4585307346326837,2.7648,-7.0431,16.8051,95.77756,79.97,136.88,5.05
2019-02-05,0.0,-8.0387,-9.6035,-4.2796,96.53681,81.34,34.83,3.57
2019-02-06,0.0,-7.7819,-8.5334,-6.9567,96.33466,91.14,20.83,3.02
2019-02-07,2.45,-10.9258,-14.3533,-7.1318,96.77267,75.54,162.37,5.04
2019-02-08,0.0,-11.7051,-16.2319,-4.7132,98.38605,54.36,176.65,2.07
2019-02-09,0.21,-6.8234,-11.3635,2.1995,98.36059,69.4,121.91,3.47
2019-02-10,0.79,0.0118,-2.3461,3.9021,97.04927,84.44,34.92,3.89
2019-02-11,1.22,0.2201,-0.531,2.3705,96.25276,67.0629083094556,17.2,2.69
2019-02-12,1.06,-1.6743,-4.7706,3.1818,96.54687,79.74,176.8,3.6
2019-02-13,0.0,3.4861,-1.5574,10.2568,96.49351,58.88,122.38,3.42
2019-02-14,0.0,5.3751,-2.0092,10.5333,95.21439,62.35,166.94,4.51
2019-02-15,4.89,-9.0009,-11.767,-2.0115,96.62181,73.06,40.53,4.45
2019-02-16,0.22,-9.8155,-12.247,-5.148,96.48857,79.66,94.37,2.9
2019-02-17,1.34,-6.6436,-9.3006,-4.4657,96.03376,84.7,153.95,3.04
2019-02-18,0.0,-9.385,-14.5359,-4.9904,97.65813,77.49,148.25,2.44
2019-02-19,0.0,-7.1314,-10.1569,-2.4578,97.74808,82.92,65.88,3.17
2019-02-20,4.88,-2.4835,-4.433,1.6526,95.9957,83.29,179.25,3.68
2019-02-21,0.0,-1.2319,-6.2963,4.7086,96.68298,72.98,134.14,2.45
2019-02-22,0.0,-0.4888,-4.8302,4.1804,96.93837,77.88,121.52,2.65
2019-02-23,17.71,0.5423,-2.0929,1.5404,95.73629,67.0629083094556,20.21,3.26
2019-02-24,0.33,-4.0614,-5.8282,-2.0707,97.00417,69.71,199.26,4.31
2019-02-25,0.0,-6.79,-11.1777,2.8004,97.56877,74.4,203.15,3.5
2019-02-26,0.0,-9.8077,-11.9436,-6.3464,97.34111,78.98,68.96,4.07
2019-02-27,0.0,-9.6281,-11.9283,-7.6397,97.42737,85.83,119.83,3.6
2019-02-28,0.0,-10.0861,-12.6996,-3.0019,97.25891,65.57,142.02,2.55
2019-03-01,0.0,-4.6625,-9.4147,2.8276,96.84342,67.36,154.9,2.09
2019-03-02,0.0,-4.4022,-7.3393,1.2155,97.42728,71.26,185.6,4.15
2019-03-03,5.96,-12.2444,-16.371,-6.2427,97.83523,70.36,228.31,5.54
2019-03-04,0.0,-15.588,-19.8389,-9.5677,97.97222,56.72,240.23,2.65
2019-03-05,0.0,-11.0034,-15.203,-5.6115,97.78049,58.98,237.04,3.4
2019-03-06,0.0,-5.7197,-11.5405,2.0371,97.68707,59.79,154.29,2.98
2019-03-07,0.0,0.5772,-3.0637,6.8648,96.7243,64.05,176.73,2.97
2019-03-08,0.0,0.8772,-1.1208,3.5604,96.39825,87.59,61.26,2.43
2019-03-09,5.26,5.269,2.7115,10.2647,95.00741,91.66,41.48,4.75
2019-03-10,0.16,0.9718,-2.3515,5.8713,96.9079,61.37,205.08,3.28
2019-03-11,0.0,2.4362,-3.2103,11.1666,97.57196,62.99,232.63,2.09
2019-03-12,7.92,8.3321,5.7748,12.3672,96.84737,80.29,61.58,4.96
2019-03-13,11.87,13.1618,10.5387,17.5306,94.72715,85.92,146.86,8.46
2019-03-14,0.0,5.0308,1.0567,15.0877,94.51506,79.21,37.98,7.97
2019-03-15,0.58,2.7376,-1.556,8.5598,97.34019,60.47,248.39,4.14
2019-03-16,0.0,6.4161,-0.4267,15.006,97.70918,42.07,247.91,3.17
2019-03-17,0.13,5.6608,-1.3342,12.903,97.64505,54.74,248.89,1.86
2019-03-18,0.0,5.856,1.1778,12.0547,97.75288,52.75,220.82,2.14
2019-03-19,4.85,7.1865,3.8224,13.5001,97.24449,59.99,68.04,2.66
2019-03-20,0.15,7.2015,3.8054,15.198,97.05191,76.91,240.32,3.33
2019-03-21,0.0,7.7058,-0.2017,14.9369,97.15667,62.38,261.68,2.07
2019-03-22,0.0,11.6802,3.428,18.5769,97.09942,38.9,225.68,1.44
2019-03-23,0.0,12.1482,8.7662,17.4705,96.64355,55.14,143.76,3.21
2019-03-24,0.34,10.1781,6.9178,13.128,96.39216,84.4,89.16,4.86
2019-03-25,0.0,9.3013,6.9657,13.8539,97.26447,79.25,151.49,3.08
2019-03-26,0.0,10.4218,4.695,18.7074,97.5947,67.4,208.2,2.58
2019-03-27,0.03,14.6092,9.7552,22.2127,96.83399,56.93,174.7,8.0
2019-03-28,4.24,13.775,7.5085,20.6221,96.45118,75.03,21.04,4.9
2019-03-29,5.99,6.2691,4.2553,7.7695,96.50236,96.11,15.81,5.29
2019-03-30,10.49,2.4768,0.1744,5.532,96.87517,82.11,198.36,5.22
2019-03-31,0.0,1.6439,-3.517,8.6653,97.85619,54.19,283.6,1.74
2019-04-01,0.0,6.19,0.461,13.9109,97.21066,48.29,257.54,4.44
2019-04-02,0.0,7.5438,2.5064,13.4101,96.75561,58.17,171.53,3.49
2019-04-03,0.0,11.7427,7.9026,19.8071,96.75578,53.14,146.53,3.96
2019-04-04,0.0,14.02,10.7565,17.8172,96.54759,67.6,158.53,2.79
2019-04-05,0.0,14.0815,8.6079,23.0533,96.61023,75.86,256.52,4.02
2019-04-06,5.82,16.9303,12.2941,24.7561,96.20677,69.61,202.24,5.99
2019-04-07,1.87,15.945,12.0629,23.4814,96.07151,80.61,259.48,3.32
2019-04-08,0.0,18.6797,9.7756,27.8933,96.44277,47.3,287.12,2.57
2019-04-09,0.0,19.5414,12.1693,26.3365,96.20617,44.97,226.75,2.96
2019-04-10,0.0,21.1433,15.1845,30.4263,94.88018,50.82,194.2,4.85
2019-04-11,0.0,10.0926,2.4333,27.82,94.37343,63.78,111.59,6.97
2019-04-12,0.0,3.1968,-1.7529,11.517,95.92022,48.98,298.9,6.08
2019-04-13,0.0,6.6556,0.0129,12.6902,96.79927,44.72,223.38,2.89
2019-04-14,0.23,7.5153,1.1607,15.0264,96.26034,49.45,301.79,3.31
2019-04-15,0.03,15.5912,9.2305,25.4061,95.84739,44.89,285.18,5.57
2019-04-16,0.0,20.3537,14.2621,27.622,95.72113,52.29,285.48,4.86
2019-04-17,0.0,20.5231,17.7499,25.5264,95.55596,66.23,143.07,4.95
2019-04-18,0.0,12.908,7.6436,22.1731,96.0281,59.43,255.1,4.68
2019-04-19,0.0,10.807,4.2115,17.8264,96.65544,56.16,306.51,3.37
2019-04-20,0.0,16.8488,8.132,27.5278,96.31608,32.25,311.66,3.94
2019-04-21,0.01,21.5897,16.0797,29.3058,95.67967,45.87,272.99,8.55
2019-04-22,3.87,18.4497,14.3708,26.9757,96.20825,64.2,187.73,4.56
2019-04-23,0.0,11.1885,8.9822,17.1819,96.85059,80.52,53.13,2.7
2019-04-24,0.0,12.7611,9.1292,21.8183,96.35887,78.52,249.09,1.07
2019-04-25,0.0,15.2857,10.0056,21.033,96.06872,72.42,191.66,3.83
2019-04-26,0.0,15.6993,8.4834,23.2919,96.82738,39.86,296.69,2.31
2019-04-27,0.0,16.3778,10.4148,21.7118,95.7884,49.23,311.25,6.99
2019-04-28,0.14,8.092,4.0677,14.8098,96.48004,66.27,249.63,3.98
2019-04-29,15.89,12.460202517482514,7.847813146853157,18.531683356643363,96.22847,67.0629083094556,178.15412095639945,4.07
2019-04-30,31.68,9.6917,7.001,14.5482,96.50157,83.91,21.41,3.79
2019-05-01,1.11,10.7613,9.1413,13.6581,96.33374,67.0629083094556,86.45,1.91
2019-05-02,3.43,10.6607,6.7509,16.6115,96.92242,79.82,242.36,3.51
2019-05-03,0.51,12.4935,9.6956,15.9234,96.76225,80.2,129.93,1.8
2019-05-04,0.0,13.262,6.8429,20.5243,96.59715,82.3,247.12,1.55
2019-05-05,0.0,17.793,13.1016,24.7082,96.16382,67.83,298.1,4.28
2019-05-06,29.82,16.8308,11.6584,23.3796,96.26974,80.73,249.23,3.27
2019-05-07,26.0,14.4282,12.6859,15.6374,96.66971,95.98,45.38,3.29
2019-05-08,55.64,15.8459,13.0137,21.5523,95.74017,89.34,178.96,3.64
2019-05-09,10.11,7.9965,4.7515,14.4792,96.35961,76.81,86.81,4.06
2019-05-10,0.0,10.4161,6.0627,15.1205,97.10182,66.51,213.3,1.42
2019-05-11,0.0,11.9344,9.6584,15.5868,96.66762,69.01,176.82,1.53
2019-05-12,11.21,12.2583,8.241,17.5646,96.11383,77.92,232.11,2.87
2019-05-13,0.0,15.1963,7.61,22.5988,96.39013,62.54,343.88,1.98
2019-05-14,0.0,20.0554,12.9409,28.4162,96.27688,59.14,329.52,3.47
2019-05-15,0.0,23.1676,15.8203,28.9582,96.32259,67.11,212.55,2.09
2019-05-16,0.0,25.2557,19.5196,31.023,96.0136,59.64,331.05,5.89
2019-05-17,0.0,24.5787,20.0667,29.1288,95.63333,62.24,285.86,7.42
2019-05-18,21.12,19.349,14.7796,26.994,95.41319,82.29,70.82,4.35
2019-05-19,20.85,14.3913,11.8797,17.6076,95.84879,76.26,308.81,3.93
2019-05-20,25.72,10.3132,7.3978,16.8552,96.71883,76.61,50.08,3.98
2019-05-21,16.51,10.7161,7.4101,20.5749,95.37279,92.98,97.12,5.1
2019-05-22,1.58,13.7692,7.3937,21.0484,95.28607,66.37,334.64,4.71
2019-05-23,0.0,17.2299,11.0256,21.7004,96.64995,64.77,208.7,2.12
2019-05-24,6.01,21.3337,18.2725,24.6251,96.31217,83.72,161.88,4.36
2019-05-25,11.77,20.488,17.5287,24.3032,96.37435,86.02,143.26,4.04
2019-05-26,46.89,20.2713,15.901,24.9524,96.67806,82.67,272.75,2.76
2019-05-27,10.66,21.8417,15.9779,28.2911,96.01801,81.16,225.63,4.49
2019-05-28,11.2,22.477,16.5213,27.3794,95.39546,85.13,102.54,4.56
2019-05-29,1.11,17.8967,14.399,25.7203,95.73587,79.18,234.07,3.32
2019-05-30,0.0,17.0189,11.2288,24.8964,96.18713,69.17,319.63,2.85
2019-05-31,0.0,20.8329,15.1562,25.6396,96.55158,57.22,264.49,1.18
2019-06-01,0.0,23.2822,18.753,28.2907,96.32593,60.12,339.76,2.83
2019-06-02,0.0,21.0505,15.278,27.1404,96.6091,57.57,325.99,2.12
2019-06-03,0.0,22.1962,17.6465,28.4425,96.52446,63.76,291.4,3.23
2019-06-04,0.0,24.0534,20.5535,29.7254,96.18435,72.83,278.61,3.79
2019-06-05,0.0,25.1532,19.9444,29.4973,95.98745,65.92,280.44,2.61
2019-06-06,0.27,23.8086,18.6683,28.4595,96.11799,68.59,274.67,1.84
2019-06-07,0.02,24.0563,19.0538,29.5869,96.20487,68.63,336.83,1.53
2019-06-08,0.0,24.7199,18.5474,29.2366,96.26312,60.54,336.75,1.9
2019-06-09,0.0,20.7371,16.4938,28.5104,96.76092,66.95,195.94,3.19
2019-06-10,0.45,17.4464,10.5691,24.064,97.74889,53.52,364.51,1.89
2019-06-11,0.0,20.0969,13.8149,24.4216,97.18207,40.52,274.81,3.14
2019-06-12,6.58,17.5737,12.5365,23.0689,96.744,72.69,319.21,2.8
2019-06-13,0.0,18.6714,10.6742,25.5523,96.95936,43.16,349.99,2.22
2019-06-14,1.15,21.0099,14.8182,27.657,96.25693,59.84,277.54,6.24
2019-06-15,0.0,24.2376,19.4799,29.604,95.77502,68.51,288.51,4.52
2019-06-16,0.0,24.0455,17.6066,27.8058,96.17115,61.32,301.18,1.63
2019-06-17,0.0,23.1826,17.8823,28.4862,96.40437,65.42,313.41,1.86
2019-06-18,12.82,21.765,17.5297,27.3599,96.38701,79.07,133.74,2.06
2019-06-19,1.19,19.5044,17.6828,23.6305,96.67233675105486,85.52,186.25,3.2567182662538703
2019-06-20,0.0,22.8058,17.1709,30.78,96.67233675105486,72.57,178.15412095639945,3.2567182662538703
2019-06-21,17.54,23.395,16.6768,30.411,96.67233675105486,80.57,178.15412095639945,3.2567182662538703
2019-06-22,5.96,23.1592,18.9479,27.304,95.93521,84.17,134.2,3.2567182662538703
2019-06-23,77.82,19.7342,16.5346,24.9838,96.03296,84.04,239.15,3.2567182662538703
2019-06-24,0.0,19.3435,12.8182,25.9998,96.10732,69.92,359.79,3.2567182662538703
2019-06-25,0.0,23.8646,17.8081,30.5974,96.27952,61.28,343.88,3.2567182662538703
2019-06-26,12.35,23.5288,15.6284,29.2057,96.7302,66.34,321.09,3.2567182662538703
2019-06-27,0.0,27.008,22.4843,31.5727,96.76844,73.04,301.69,3.2567182662538703
2019-06-28,0.0,28.3427,23.6672,33.8107,96.68067,68.11,336.32,5.32
2019-06-29,0.0,29.1435,24.8038,33.8099,96.77094,68.19,340.34,3.65
2019-06-30,0.0,27.5544,22.5809,32.2193,96.80332,71.0,345.5,3.42
2019-07-01,0.0,26.0342,21.4314,30.4768,96.71969,69.84,325.22,3.31
2019-07-02,0.01,26.5702,22.3033,30.9231,96.41457,69.87,311.5,3.15
2019-07-03,0.0,25.597,21.856,29.2564,96.20442,70.91,313.16,3.96
2019-07-04,38.56,23.2615,20.6053,28.6189,96.33085,83.37,223.42,2.24
2019-07-05,7.37,24.0696,19.4882,28.5285,96.67269,87.37,132.72,2.42
2019-07-06,0.0,23.9359,20.6275,27.7245,96.98406,84.2,216.15,2.11
2019-07-07,0.0,25.1838,20.6813,30.029,96.87263,74.5,334.86,1.22
2019-07-08,0.0,25.8332,21.6968,30.3919,96.56642,77.24,293.59,2.26
2019-07-09,0.0,25.6042,19.2974,31.8768,96.32444,76.16,323.55,2.6
2019-07-10,9.05,25.9606,18.2901,31.385,96.76842,74.36,262.05,2.66
2019-07-11,0.0,23.6217,18.6334,28.3137,97.0223,64.57,335.03,1.29
2019-07-12,0.0,25.4024,19.6165,29.4689,96.68122,56.96,349.79,1.5
2019-07-13,0.0,25.49,20.4761,30.236,96.71144,67.36,336.77,1.96
2019-07-14,0.0,26.9869,22.4828,31.374,96.81743,64.54,325.48,1.92
2019-07-15,0.0,24.9715,20.332,30.4376,96.5913,74.7,329.59,2.32
2019-07-16,0.0,25.7137,20.15,31.9597,96.39749,72.92,320.8,2.18
2019-07-17,0.0,29.4342,25.1555,35.5524,96.18411,67.24,295.94,4.49
2019-07-18,0.0,29.8879,25.9725,34.96,95.97549,62.39,279.7,5.71
2019-07-19,0.0,30.3026,25.4798,35.3017,95.94179,59.82,329.38,6.0
2019-07-20,0.0,29.9271,24.9115,35.3113,95.98245,61.1,326.24,5.63
2019-07-21,0.0,25.3755,20.0782,34.5404,96.39316,75.01,93.38,3.56
2019-07-22,0.0,21.7502,17.7352,26.0687,97.14115,76.4,331.48,3.43
2019-07-23,0.0,20.6465,15.7507,25.4456,97.49897,62.12,347.18,1.72
2019-07-24,0.0,22.163,17.9123,26.8751,97.324,55.99,330.94,1.45
2019-07-25,0.0,23.5124,18.1563,30.2085,97.00371,55.87,286.41,3.99
2019-07-26,0.0,25.24,20.6371,31.1667,96.92812,52.35,322.91,5.13
2019-07-27,0.0,25.8465,20.0085,31.6665,96.9973,52.4,319.48,4.37
2019-07-28,0.0,26.8772,22.807,32.7438,96.64275,55.56,284.5,5.31
2019-07-29,0.0,26.45,21.3019,31.3627,96.56697,59.15,319.95,3.0
2019-07-30,0.0,25.2058,18.9305,30.5034,96.89789,52.5,297.0,1.57
2019-07-31,0.0,25.4954,20.6296,31.0348,96.79306,61.64,293.25,3.73
2019-08-01,0.0,24.8047,20.1675,31.2743,96.79467,70.22,251.29,3.47
2019-08-02,32.53,22.7917,20.2765,25.4831,96.82622,91.04,65.96,2.26
2019-08-03,0.0,23.2804,21.1089,28.1228,96.80272,89.01,161.24,1.43
2019-08-04,0.0,25.0563,20.452,29.6233,96.84101,68.66,309.88,1.34
2019-08-05,0.0,25.7099,21.3859,30.2463,96.68819,68.33,173.38,1.9
2019-08-06,0.0,26.6124,21.3718,32.2573,96.46485,74.25,298.64,1.45
2019-08-07,39.64,24.1921,18.8273,30.8553,96.36282,80.22,144.74,2.41
2019-08-08,8.8,23.4182,20.425,27.6376,96.45474,81.36,214.65,1.88
2019-08-09,0.0,24.5889,19.892,29.0566,96.58141,72.77,276.6,1.72
2019-08-10,0.0,12.460202517482514,7.847813146853157,18.531683356643363,96.67233675105486,67.0629083094556,178.15412095639945,3.2567182662538703
2019-08-11,8.37,26.1351,20.8522,30.3325,96.46837,82.47,252.3,2.3
2019-08-12,9.94,26.1254,20.565,30.9862,96.14403,81.31,252.16,1.75
2019-08-13,0.0,26.5861,22.9126,31.0043,96.54683,76.89,287.57,1.6
2019-08-14,0.0,24.3942,20.2474,28.7906,96.96257,62.45,289.39,1.73
2019-08-15,0.0,23.2866,17.5012,29.6995,96.77983,72.39,215.25,2.53
2019-08-16,64.38,22.553,18.2875,29.4909,96.27854,82.75,196.29,3.16
2019-08-17,4.38,24.2348,17.7705,30.9952,96.07308,78.0,279.32,3.28
2019-08-18,0.04,26.3664,21.5839,30.9115,95.99478,60.64,288.93,3.55
2019-08-19,0.0,26.1953,20.1766,33.2373,96.4836,76.93,286.06,2.4
2019-08-20,0.0,29.5505,26.0372,34.2617,96.45234,70.35,206.76,3.99
2019-08-21,2.44,24.9964,19.3736,32.2764,96.62873,79.54,102.74,3.19
2019-08-22,0.0,22.6974,20.9635,26.4798,96.62793,87.89,145.89,2.06
2019-08-23,0.0,23.2033,20.5187,27.3594,96.69969,86.2,164.26,1.76
2019-08-24,0.0,21.4084,19.7426,24.8644,96.78731,86.62,74.24,1.82
2019-08-25,48.75,20.1555,17.9204,24.8028,96.31861,85.72,160.73,2.04
2019-08-26,0.0,20.0437,18.696,23.0143,95.95367,93.64,47.4,1.69
2019-08-27,0.0,21.2205,16.005,26.1344,96.66739,71.23,277.44,1.62
2019-08-28,0.0,21.0293,14.3335,28.2735,96.99341,59.84,272.96,1.65
2019-08-29,0.0,25.1762,20.3226,32.1035,96.57316,70.68,267.55,3.99
2019-08-30,69.46,12.460202517482514,7.847813146853157,18.531683356643363,96.67233675105486,67.0629083094556,178.15412095639945,3.2567182662538703
2019-08-31,0.0,19.0175,16.3677,23.1449,97.16677,85.19,142.72,1.48
2019-09-01,0.0,20.6286,16.6259,26.7706,97.07743,83.65,222.49,1.54
2019-09-02,0.0,24.4941,19.8906,31.066,96.88178,77.83,260.07,3.26
2019-09-03,0.0,27.0596,23.0455,32.5627,96.47397,67.77,243.63,3.77
2019-09-04,0.0,23.7905,18.9145,31.0006,97.04792,65.74,235.48,2.18
2019-09-05,0.0,25.612,20.9391,32.8739,96.85496,68.61,262.81,3.7
2019-09-06,0.0,25.1062,19.9523,30.3947,96.77481,65.86,245.62,3.22
2019-09-07,0.0,22.8237,17.4346,30.9047,96.75116,74.78,235.46,2.64
2019-09-08,0.5,24.0625,20.0681,29.0848,96.32367,79.44,135.01,2.04
2019-09-09,12.63,24.9725,20.05,31.1331,96.37972,74.74,138.33,3.25
2019-09-10,0.0,25.8728,23.5506,30.49,96.51151,68.16,192.01,4.82
2019-09-11,2.4585307346326837,12.460202517482514,7.847813146853157,18.531683356643363,96.67233675105486,67.0629083094556,178.15412095639945,3.2567182662538703
2019-09-12,2.4585307346326837,12.460202517482514,7.847813146853157,18.531683356643363,96.67233675105486,67.0629083094556,178.15412095639945,3.2567182662538703
2019-09-13,0.0,20.7797,13.7913,26.7891,97.23122,55.2,259.62,1.19
2019-09-14,0.0,22.6265,16.7335,31.0447,97.06832,70.18,240.58,3.76
2019-09-15,0.0,27.5242,23.1304,33.6475,96.71747,59.64,238.43,4.68
2019-09-16,0.0,27.0318,22.8012,31.9557,96.77075,62.95,216.19,3.9
2019-09-17,0.0,26.599,22.3719,31.6944,96.61592,65.87,220.64,4.2
2019-09-18,0.0,26.6043,22.1413,31.9754,96.44865,64.41,237.67,4.19
2019-09-19,0.0,26.2865,21.7089,32.0348,96.54164,68.62,199.89,3.01
2019-09-20,0.0,23.4761,21.3491,28.3133,96.54266,80.39,102.01,3.37
2019-09-21,0.21,23.8376,21.5236,29.1629,96.31114,81.84,140.22,5.29
2019-09-22,13.58,21.1135,16.978,25.817,96.2857,84.8,140.03,3.1
2019-09-23,0.0,20.4797,14.7827,27.4958,96.84262,68.0,240.87,1.85
2019-09-24,0.0,22.2615,18.5086,29.0904,96.35756,74.52,180.07,3.7
2019-09-25,0.0,23.3263,18.3247,27.6599,96.07012,69.22,211.89,2.56
2019-09-26,0.0,18.9697,14.0817,25.1867,96.57641,53.47,176.66,2.51
2019-09-27,0.0,24.4487,20.0563,31.8228,95.5052,71.12,219.19,4.5
2019-09-28,2.66,16.4963,14.1089,25.3817,96.29462,86.42,37.17,3.79
2019-09-29,1.93,22.5278,15.2538,30.2517,96.37901,67.0629083094556,195.82,4.28
2019-09-30,0.0,26.0408,23.0919,31.4433,96.27039,74.08,164.3,6.42
2019-10-01,13.01,26.3521,21.9303,30.993,96.20284,72.63,169.13,5.84
2019-10-02,7.84,17.0129,13.9241,22.2386,96.38189,96.58,59.21,2.12
2019-10-03,0.35,11.9341,8.7234,15.7071,97.30172,79.48,126.61,2.44
2019-10-04,11.06,10.8699,10.0449,12.8017,97.53638,88.0,34.68,2.24
2019-10-05,18.81,17.3129,11.03,22.7056,96.53336,75.45,162.36,4.14
2019-10-06,0.0,14.9604,9.9277,20.076,97.10103,59.67,130.67,1.23
2019-10-07,0.0,14.1818,8.5839,20.9462,97.54128,56.93,215.59,1.33
2019-10-08,0.0,15.2157,9.5915,22.3314,96.90952,54.16,210.01,3.87
2019-10-09,3.75,15.4591,12.3834,19.1619,96.18584,72.17,122.72,5.34
2019-10-10,0.0,14.7863,4.2722,21.2794,95.8311,83.33,63.76,4.48
2019-10-11,0.41,3.6644,0.7547,7.7078,97.17951,59.99,204.17,3.86
2019-10-12,0.0,7.2845,-0.2379,20.9094,96.8766,47.7,208.48,2.5
2019-10-13,0.0,11.6046,5.4204,17.5982,96.46518,39.26,206.22,1.4
2019-10-14,0.0,16.15,10.0748,23.9599,96.46293,42.9,191.16,3.03
2019-10-15,0.0,14.961,10.2903,19.9776,96.40758,64.84,190.01,3.63
2019-10-16,0.0,8.1001,2.5007,14.4363,97.24567,62.53,190.0,1.58
2019-10-17,0.0,13.2201,7.4842,23.7607,96.48433,53.23,191.74,3.48
2019-10-18,0.0,16.4513,11.1554,23.8069,95.66179,54.04,187.07,6.51
2019-10-19,1.62,14.8384,10.994,19.4449,95.80102,65.51,186.23,2.14
2019-10-20,0.0,14.5982,9.7711,18.7826,95.805,64.6,93.23,3.41
2019-10-21,14.6,10.5127,6.2645,18.481,95.3266,62.0,72.83,4.14
2019-10-22,0.0,9.4224,3.9613,15.9893,96.54024,48.66,181.58,3.67
2019-10-23,0.0,13.0287,8.9731,18.3329,96.30083,43.41,137.75,3.32
2019-10-24,0.0,7.2857,3.476,14.9947,97.55144,61.55,142.35,3.1
2019-10-25,0.0,5.6001,0.4274,12.0156,97.72643,64.86,180.22,1.31
2019-10-26,0.0,8.6846,1.5581,17.0143,96.45242,54.94,178.21,1.67
2019-10-27,0.0,7.6143,3.5292,14.1487,96.27952,64.41,87.36,2.83
2019-10-28,0.03,2.2755,-0.2934,5.4493,97.02575,62.45,41.41,2.99
2019-10-29,0.0,-0.9733,-3.3188,2.3721,97.32718,83.43,68.58,1.77
2019-10-30,0.17,-0.3024,-2.3778,1.6799,97.4736,75.0,36.34,3.38
2019-10-31,1.41,-2.4147,-8.1339,5.5809,97.4601,73.5,173.83,2.28
2019-11-01,0.0,4.272,0.3092,12.0168,97.22295,47.07,150.42,3.13
2019-11-02,0.0,4.4693,-1.8372,11.1345,97.74727,60.12,165.2,1.76
2019-11-03,0.0,8.7717,2.9216,17.5039,96.80607,42.67,155.19,4.38
2019-11-04,2.4585307346326837,12.460202517482514,7.847813146853157,18.531683356643363,96.67233675105486,67.0629083094556,178.15412095639945,3.2567182662538703
2019-11-05,2.4585307346326837,12.460202517482514,7.847813146853157,18.531683356643363,96.67233675105486,67.0629083094556,178.15412095639945,3.2567182662538703
2019-11-06,2.4585307346326837,12.460202517482514,7.847813146853157,18.531683356643363,96.67233675105486,67.0629083094556,178.15412095639945,3.2567182662538703
2019-11-07,0.0,-1.2815,-6.8095,3.8405,98.2334,55.39,158.65,3.93
2019-11-08,0.0,0.5542,-5.6597,8.1008,97.94579,37.55,110.26,2.85
2019-11-09,0.26,8.9206,2.1109,23.3153,96.82263,45.45,146.73,3.49
2019-11-10,0.0,12.1075,5.4221,18.4584,96.44704,53.06,143.91,3.54
2019-11-11,0.35,-3.0775,-8.244,9.22,97.80327,67.39,73.06,5.55
2019-11-12,0.08,-8.4522,-14.0547,-0.4057,98.48712,60.86,153.75,2.43
2019-11-13,0.0,-0.6998,-5.2382,6.0605,96.71672,43.46,73.64,4.5
2019-11-14,0.0,4.0107,0.074,8.7727,97.44754,59.47,142.19,1.25
2019-11-15,0.0,6.6236,1.143,15.1744,97.67964,52.04,141.07,2.53
2019-11-16,0.0,8.6026,3.6389,16.8405,97.01939,48.63,126.77,4.65
2019-11-17,0.0,9.5686,5.6565,12.7139,96.64617,54.14,136.73,3.25
2019-11-18,0.0,10.54,4.3446,19.7883,96.03269,47.27,89.44,2.78
2019-11-19,0.0,11.2456,3.8844,18.7945,96.2455,47.82,129.51,1.54
2019-11-20,1.97,13.3702,10.7196,17.7954,95.95705,56.77,57.28,5.92
2019-11-21,1.49,7.9288,1.8381,17.8221,96.38905,83.04,29.86,4.69
2019-11-22,4.52,-0.8359,-2.8157,2.0161,97.26064,83.12,19.97,2.48
2019-11-23,0.0,-0.5607,-3.8516,5.5407,96.62398,86.44,131.84,2.05
2019-11-24,0.0,6.4641,0.7868,16.2487,96.12915,62.67,139.44,2.19
2019-11-25,0.0,9.2572,2.7649,14.0338,95.50675,54.0,120.95,3.07
2019-11-26,0.0,4.1408,1.5725,9.2964,95.20767,70.13,37.89,4.13
2019-11-27,1.11,0.8464,-3.2575,4.1766,96.47655,72.85,126.02,3.74
2019-11-28,2.98,-1.0388,-2.584,1.4301,97.86039,83.75,19.54,1.72
2019-11-29,0.95,2.0591,0.0724,4.7549,97.09503,96.42,27.06,2.44
2019-11-30,1.15,7.2214,4.1529,12.4729,95.22304,76.08,121.54,4.86
2019-12-01,0.0,0.6313,-1.1531,4.2592,96.00369,64.08,55.94,6.13
2019-12-02,0.0,-0.6093,-6.4378,8.5121,97.19875,62.19,120.37,2.21
2019-12-03,0.0,4.9034,-0.5788,15.0064,96.43584,49.66,94.47,2.59
2019-12-04,0.0,6.1593,-0.7637,14.1728,96.55244,59.08,107.89,1.72
2019-12-05,0.0,9.907,4.3388,17.0727,96.32863,51.83,108.54,1.62
2019-12-06,0.0,3.5931,-1.9405,12.4005,97.39985,65.59,116.71,2.8
2019-12-07,0.0,3.1357,-1.8666,13.2481,97.43747,57.38,118.12,3.42
2019-12-08,0.0,7.1988,4.4881,10.3128,96.07757,63.55,54.65,3.82
2019-12-09,0.0,1.4343,-6.1264,8.7712,95.85315,74.95,110.49,2.96
2019-12-10,0.07,-4.4968,-8.0268,0.4067,97.34021,61.14,99.82,1.81
2019-12-11,0.0,1.2794,-4.0949,10.2526,97.64921,48.86,113.35,2.54
2019-12-12,0.0,6.8732,4.4713,11.196,96.81575,56.4,81.43,5.76
2019-12-13,0.0,5.5793,-1.0379,12.7989,96.2432,71.86,93.06,1.84
2019-12-14,0.05,0.6011,-2.9034,7.1515,96.33664,73.07,65.07,2.67
2019-12-15,12.17,-5.4186,-6.2917,-2.8594,96.54056,81.61,23.88,2.96
2019-12-16,0.16,-5.6209,-6.6421,-3.8697,97.03617,88.21,64.27,2.04
2019-12-17,0.0,-7.2932,-11.6426,-0.9285,97.54361,87.34,143.06,1.83
2019-12-18,0.0,-2.5237,-8.0595,5.0017,97.48973,72.01,112.59,2.35
2019-12-19,0.26,4.7656,0.9062,9.9352,97.06989,44.78,117.11,5.69
2019-12-20,0.0,5.7027,3.0132,9.5309,97.19,44.96,101.43,5.25
2019-12-21,0.0,2.5089,-2.802,8.1587,97.52349,71.14,119.65,2.07
2019-12-22,0.0,4.8962,0.3686,14.0,97.24824,76.21,117.91,4.19
2019-12-23,0.0,7.0312,2.0633,15.6538,96.72337,66.45,102.68,4.03
2019-12-24,0.04,10.5574,6.3398,18.1919,96.16446,51.81,80.86,5.09
2019-12-25,0.0,12.8849,9.5575,18.0483,95.63623,45.96,113.23,7.13
2019-12-26,0.0,2.7953,-1.1179,15.0443,96.45307,79.29,30.4,2.57
2019-12-27,0.2,-0.8704,-5.5637,4.529,97.26505,85.94,61.0,1.36
2019-12-28,16.63,8.7828,4.2042,13.0596,95.93093,87.52,7.56,2.95
2019-12-29,4.2,2.9258,-1.498,11.1952,95.2639,87.25,26.85,4.07
2019-12-30,0.28,-0.0529,-1.8347,2.4455,95.92445,68.04,42.5,5.25
2019-12-31,0.0,0.0671,-3.4384,5.655,96.67982,58.74,109.73,3.49
2020-01-01,0.0,3.9296,-0.9365,11.8701,95.70422,57.04,119.55,4.67
2020-01-02,0.0,6.5004,2.5059,11.3789,95.0954,71.32,82.77,2.98
2020-01-03,0.0,2.7769,-2.381,8.1485,96.24204,76.95,120.97,2.38
2020-01-04,0.07,0.6503,-5.2115,7.5917,97.19019,52.02,122.57,2.64
2020-01-05,0.0,5.8343,2.7175,10.4101,97.08871,50.67,125.75,4.45
2020-01-06,0.02,3.087,-1.4024,8.8361,97.2545,54.68,88.88,1.99
2020-01-07,0.01,3.3277,-3.5335,12.7988,97.23055,54.19,123.16,2.5
2020-01-08,0.13,5.0193,-2.9651,14.7167,96.96002,52.4,114.82,3.66
2020-01-09,0.0,10.4056,8.6621,12.6407,95.7939,46.72,103.67,6.79
2020-01-10,14.29,0.8268,-5.3285,10.6523,96.44792,80.3,6.62,4.44
2020-01-11,0.79,-8.721,-12.289,-5.1258,96.89774,84.45,102.04,3.2567182662538703
2020-01-12,0.0,-5.677,-8.698,-1.1952,96.79276,92.74,18.15,3.2567182662538703
2020-01-13,0.48,-0.7438,-3.6916,4.4844,96.76795,67.0629083094556,43.49,3.2567182662538703
2020-01-14,0.0,4.4593,0.9667,7.0588,96.77215,67.0629083094556,178.15412095639945,1.69
2020-01-15,0.0,3.0005,-3.5513,8.182,96.76926,91.95,178.15412095639945,2.81
2020-01-16,0.0,-9.4723,-13.2697,-3.4061,98.69011,65.69,90.14,3.32
2020-01-17,10.96,-2.1863,-6.1816,1.7406,97.50941,83.81,15.3,3.88
2020-01-18,1.46,-0.0452,-6.6784,4.6417,96.88473,70.89,132.86,4.1
2020-01-19,0.0,-6.0034,-10.097,0.0111,98.26159,57.4,133.56,2.17
2020-01-20,0.0,-9.9154,-12.2626,-5.2738,98.54156,64.78,129.84,1.91
2020-01-21,0.0,-9.4117,-14.9871,1.3344,98.15875,73.69,115.11,2.59
2020-01-22,7.08,1.05,-0.4271,2.756,96.50303,86.22,27.67,6.79
2020-01-23,0.45,1.4104,0.241,1.9058,96.22478,67.0629083094556,12.6,3.08
2020-01-24,3.2,-1.5839,-2.312,0.278,96.66071,89.55,35.49,3.07
2020-01-25,0.0,-2.3588,-5.2402,2.1111,96.84602,92.01,85.09,1.12
2020-01-26,0.0,1.8657,-2.2491,11.1951,96.60808,84.02,107.52,1.39
2020-01-27,0.0,2.6385,-1.0891,8.2953,96.64566,79.35,80.88,2.03
2020-01-28,0.0,-0.4016,-1.6526,1.457,96.90944,88.79,17.27,2.53
2020-01-29,1.28,-1.0664,-2.5835,2.4329,97.01484,90.09,65.28,1.32
2020-01-30,0.0,1.3137,0.0413,3.3888,96.97777,81.17,37.73,2.24
2020-01-31,0.0,1.9217,-1.7291,7.0974,96.69896,79.97,104.32,2.84
2020-02-01,0.0,3.4769,-2.9781,14.0941,96.75872,66.57,146.2,2.06
2020-02-02,0.0,11.4544,5.5114,20.6981,96.04144,46.17,154.75,3.1
2020-02-03,0.0,6.9949,0.1957,16.9678,95.36721,66.83,29.86,3.54
2020-02-04,0.03,-1.6233,-3.8063,0.8049,96.51606,66.05,31.62,4.69
2020-02-05,0.0,-3.8076,-5.7163,-1.3957,96.75555,65.18,32.66,3.43
2020-02-06,0.0,-2.8484,-8.3281,4.4282,95.79691,72.32,169.95,1.51
2020-02-07,0.0,0.4387,-1.7844,3.47,95.76595,62.8,114.57,2.19
2020-02-08,0.0,-1.0061,-6.7804,7.7455,96.90333,63.93,165.8,2.33
2020-02-09,0.05,3.9889,0.7815,6.9278,96.32357,65.45,114.61,4.25
2020-02-10,0.0,-0.8132,-5.4749,5.7933,97.13192,66.28,138.17,1.74
2020-02-11,0.0,1.8921,-1.7335,6.8044,97.40273,54.93,119.06,1.38
2020-02-12,5.74,0.6272,-0.7081,3.8583,96.49671,72.32,37.69,2.07
2020-02-13,1.45,-11.2972,-16.6765,0.1308,97.55258,65.91,187.08,3.42
2020-02-14,0.0,-11.2969,-15.5677,-3.1795,97.94494,62.07,120.94,3.42
2020-02-15,0.08,1.6448,-5.6671,9.4927,96.77622,66.82,165.17,3.53
2020-02-16,0.0,5.1146,-1.3337,12.0681,96.74605,69.08,156.57,1.8
2020-02-17,0.0,8.0028,4.4763,15.4512,96.11035,73.67,71.65,2.39
2020-02-18,0.0,1.4315,-3.7392,8.7404,97.37273,62.46,173.05,3.36
2020-02-19,0.0,1.5244,-1.308,5.2448,98.07023,56.93,93.59,2.15
2020-02-20,0.3,-5.1148,-10.1453,-0.4726,98.7867,66.91,199.8,3.55
2020-02-21,0.0,-2.221,-8.6788,7.2104,98.50822,59.94,200.36,3.35
2020-02-22,0.0,4.6345,0.7794,13.3593,97.19081,52.99,140.3,5.74
2020-02-23,0.0,9.4352,5.0935,14.2328,96.49513,64.37,83.75,3.06
2020-02-24,9.41,6.3826,2.1498,12.0378,95.89688,82.33,66.94,3.47
2020-02-25,0.0,2.4497,-1.0696,7.325,96.46679,66.58,61.16,3.38
2020-02-26,0.0,-0.2755,-4.1806,3.5422,97.65943,57.51,210.04,4.19
2020-02-27,0.0,0.887,-4.4444,9.6607,97.1763,59.35,132.77,2.84
2020-02-28,0.0,3.0565,-1.5846,14.3488,97.19047,75.27,175.68,2.72
2020-02-29,0.0,9.5891,2.569,20.5301,96.9385,45.99,204.52,4.14
2020-03-01,0.0,13.4447,8.0207,18.4425,95.75195,40.5,163.18,4.38
2020-03-02,0.0,5.632,0.1441,13.6101,96.17769,58.54,180.12,2.68
2020-03-03,0.0,7.5862,1.3282,15.9909,95.96895,49.79,218.07,2.48
2020-03-04,0.0,9.8712,2.4943,16.2365,96.58497,42.21,186.78,2.36
2020-03-05,0.0,9.1791,4.0482,13.9044,97.10012,37.27,227.18,4.41
2020-03-06,0.0,5.3747,-4.3446,14.1086,98.15996,43.82,224.18,1.99
2020-03-07,0.0,11.2752,5.3951,20.7379,97.40462,28.34,205.96,7.04
2020-03-08,0.0,13.327,8.3678,20.3307,96.59332,42.75,192.59,9.25
2020-03-09,26.12,8.7186,2.1737,14.8461,96.37439,91.63,24.0,5.66
2020-03-10,2.43,2.563,-0.3264,9.7997,97.37369,87.08,114.84,2.19
2020-03-11,0.0,8.7845,3.7262,18.8987,96.71452,80.33,189.97,2.57
2020-03-12,0.0,13.3282,10.3427,17.7031,95.83362,65.0,166.06,4.22
2020-03-13,0.0,5.1782,2.1555,11.3873,97.3874,57.2,60.17,3.23
2020-03-14,7.43,2.2192,0.7976,4.9001,97.55494,87.21,44.78,4.13
2020-03-15,0.0,1.0501,-0.3623,2.3383,98.19272,87.04,44.11,2.95
2020-03-16,3.61,2.7152,1.157,6.4671,97.44663,92.29,62.51,1.47
2020-03-17,0.0,5.3953,3.4338,9.059,96.67233675105486,88.76,84.11,3.2567182662538703
2020-03-18,0.0,11.1005,7.5432,18.6934,96.67233675105486,83.23,143.52,3.2567182662538703
2020-03-19,2.77,17.6222,13.2078,24.8446,96.67233675105486,77.79,210.75,3.2567182662538703
2020-03-20,0.0,2.8827,-5.2467,22.2634,97.39165,59.55,261.2,3.2567182662538703
2020-03-21,0.0,-0.3965,-6.7133,9.9196,98.16324,56.79,227.15,3.2567182662538703
2020-03-22,6.77,4.21,1.7765,7.559,97.12891,84.27,43.43,3.2567182662538703
2020-03-23,0.71,7.1691,1.6602,15.0218,96.88474,87.62,229.42,3.2567182662538703
2020-03-24,0.0,9.1809,7.4739,14.1536,96.37362,87.14,101.9,3.2567182662538703
2020-03-25,0.0,12.460202517482514,7.847813146853157,18.531683356643363,96.67233675105486,67.0629083094556,178.15412095639945,3.2567182662538703
2020-03-26,0.0,13.1228,9.6668,22.694,95.62794,80.66,43.91,3.2567182662538703
2020-03-27,2.4585307346326837,12.460202517482514,7.847813146853157,18.531683356643363,96.67233675105486,67.0629083094556,178.15412095639945,3.2567182662538703
2020-03-28,0.0,11.9198,9.1656,17.8775,95.11269,67.0629083094556,199.77,3.2567182662538703
2020-03-29,0.0,10.4936,4.1938,19.8575,96.41494,55.42,273.36,3.2567182662538703
2020-03-30,0.0,15.5074,7.666,21.2929,97.00738,32.16,200.3,3.2567182662538703
2020-03-31,0.0,12.6673,6.939,19.6961,96.79177,65.39,242.98,3.2567182662538703
2020-04-01,0.05,15.2693,9.4491,23.2708,96.22311,55.19,251.97,3.2567182662538703
2020-04-02,0.0,15.2369,3.4398,19.2155,95.94429,61.09,70.13,3.2567182662538703
2020-04-03,2.19,-1.1459,-4.1802,4.1863,97.03368,82.55,193.86,3.2567182662538703
2020-04-04,0.62,0.6757,-3.446,9.2263,97.26263,73.58,208.53,3.2567182662538703
2020-04-05,0.0,6.3869,1.9374,14.5273,96.84045,73.7,164.61,3.2567182662538703
2020-04-06,0.0,15.5294,10.9413,22.7143,96.22781,74.76,158.82,3.2567182662538703
2020-04-07,0.0,20.4437,15.1537,29.4826,95.85822,66.6,272.89,3.2567182662538703
2020-04-08,0.0,22.5002,12.371,30.1776,95.93177,32.91,282.55,3.2567182662538703
2020-04-09,0.0,10.798,5.0858,20.1464,96.86061,37.96,260.42,3.2567182662538703
2020-04-10,2.4585307346326837,12.460202517482514,7.847813146853157,18.531683356643363,97.12088,67.0629083094556,178.15412095639945,3.2567182662538703
2020-04-11,2.4585307346326837,15.8521,9.9191,27.7337,95.61724,42.88,276.64,7.89
2020-04-12,2.4585307346326837,11.0321,-0.0688,27.0251,95.28168,80.94,35.3,6.69
2020-04-13,2.4585307346326837,0.3134,-5.2522,7.2231,97.12668,54.22,277.54,5.03
2020-04-14,2.4585307346326837,3.7013,-1.1098,10.7283,97.46087,31.57,279.03,3.81
2020-04-15,2.4585307346326837,6.1627,0.4491,13.5573,96.891,39.9,275.11,3.03
2020-04-16,2.4585307346326837,5.9589,2.5942,11.8684,96.82608,60.58,57.18,4.26
2020-04-17,2.4585307346326837,1.9434,-0.4901,8.2969,97.05299,82.12,217.36,3.2567182662538703
2020-04-18,2.4585307346326837,12.460202517482514,7.847813146853157,18.531683356643363,96.67233675105486,67.0629083094556,178.15412095639945,3.2567182662538703
2020-04-19,2.4585307346326837,13.4371,8.9281,19.4574,95.95848,55.45,221.35,3.2567182662538703
2020-04-20,2.4585307346326837,14.2983,9.231,21.066,96.13784,54.41,289.46,3.2567182662538703
2020-04-21,2.4585307346326837,16.1062,9.0791,22.7988,96.55568,35.72,300.11,1.91
2020-04-22,2.4585307346326837,15.4679,13.0324,21.9823,96.12942,61.32,53.87,4.45
2020-04-23,2.4585307346326837,15.8831,10.9876,25.3298,95.67597,74.0,274.28,1.87
2020-04-24,2.4585307346326837,15.2847,11.0951,23.5679,95.7624,72.66,48.44,2.87
2020-04-25,2.4585307346326837,12.5842,8.039,18.5763,96.58576,74.94,246.47,3.26
2020-04-26,2.4585307346326837,14.6232,8.5559,21.4268,97.01567,57.32,250.71,2.58
2020-04-27,2.4585307346326837,18.0607,12.7808,25.6615,96.54132,54.27,294.99,5.56
2020-04-28,2.4585307346326837,18.0086,15.1718,24.0942,96.02405,69.83,137.95,5.02
2020-04-29,2.4585307346326837,13.9015,10.1454,22.2397,96.46944,55.95,247.66,5.9
2020-04-30,2.4585307346326837,15.4729,9.3115,23.3415,96.79294,50.63,324.84,2.05
2020-05-01,2.4585307346326837,20.4874,15.4272,27.978,96.08691,48.12,206.87,5.41
2020-05-02,2.4585307346326837,21.5,14.7104,26.3665,96.29427,56.92,221.73,4.25
2020-05-03,2.4585307346326837,18.8004,13.5111,23.8947,96.60682,45.68,298.07,3.92
2020-05-04,2.4585307346326837,14.7531,10.0104,22.7718,96.25846,64.74,91.06,3.51
2020-05-05,2.4585307346326837,14.332,8.6434,21.5307,96.75857,63.17,335.7,4.12
2020-05-06,2.4585307346326837,13.5746,8.078,20.3909,97.36071,52.42,305.51,3.01
2020-05-07,2.4585307346326837,11.637,9.2835,16.891,97.01113,66.82,77.18,2.97
2020-05-08,2.4585307346326837,10.0974,6.8742,14.7568,97.04039,67.34,345.64,4.4
2020-05-09,2.4585307346326837,11.6375,6.3915,16.4832,97.39739,41.18,239.82,3.07
2020-05-10,2.4585307346326837,9.4351,2.2151,14.9108,97.59757,51.15,345.16,3.72
2020-05-11,2.4585307346326837,7.7525,5.2654,13.9177,97.75669,49.24,68.86,1.52
2020-05-12,2.4585307346326837,6.4696,4.6771,10.7157,97.27585,84.16,105.42,1.73
2020-05-13,2.4585307346326837,11.4409,8.1429,21.3557,96.49768,88.77,126.08,4.16
2020-05-14,2.4585307346326837,21.0579,17.1788,26.4097,95.94558,78.43,206.76,4.32
2020-05-15,2.4585307346326837,17.9311,15.1108,24.2287,96.23701,87.68,145.66,2.94
2020-05-16,2.4585307346326837,18.2805,15.6597,22.6517,96.32847,83.58,167.63,1.77
2020-05-17,2.4585307346326837,16.4851,11.7283,20.0628,96.36684,73.1,204.25,3.63
2020-05-18,2.4585307346326837,15.2624,11.9167,21.6574,96.49952,65.06,259.12,3.76
2020-05-19,2.4585307346326837,14.162,9.3146,21.1756,96.53377,74.45,218.87,2.22
2020-05-20,2.4585307346326837,15.9092,10.6183,20.4054,96.57041,78.2,191.58,1.97
2020-05-21,2.4585307346326837,17.3044,13.2798,21.2281,96.3606,83.67,128.31,2.74
2020-05-22,2.4585307346326837,18.5903,14.3269,23.9641,96.10683,82.5,225.91,3.19
2020-05-23,2.4585307346326837,19.6623,15.3238,27.3831,96.00046,75.44,297.33,3.7
2020-05-24,2.4585307346326837,23.4388,21.2626,26.6984,95.9376,73.32,236.43,4.68
2020-05-25,2.4585307346326837,18.3367,15.8545,24.6563,96.06292,90.13,94.18,2.34
2020-05-26,2.4585307346326837,15.9879,14.5169,18.0958,96.10362,94.93,48.97,2.81
2020-05-27,2.4585307346326837,17.9446,14.4146,21.2273,96.30867,85.22,157.22,1.63
2020-05-28,2.4585307346326837,20.2709,17.4533,26.1925,96.46863,80.14,231.34,2.23
2020-05-29,2.4585307346326837,20.1959,13.4794,25.163,97.16047,49.34,345.28,1.73
2020-05-30,2.4585307346326837,21.7638,16.9935,25.231,97.24259,52.52,264.72,1.74
2020-05-31,2.4585307346326837,20.5871,16.1202,26.7374,97.22289,65.79,282.06,3.62
2020-06-01,2.4585307346326837,23.8278,18.7405,28.9781,96.85458,58.95,328.9,6.31
2020-06-02,0.0,24.747,19.9305,30.4747,96.54702,64.97,318.3,6.29
2020-06-03,0.0,25.7961,21.718,31.3395,96.27212,69.67,278.7,3.88
2020-06-04,12.57,26.4567,17.953,31.668,95.98585,68.53,416.63,3.49
2020-06-05,0.0,26.7763,21.0412,32.6596,96.15709,65.94,325.32,3.05
2020-06-06,0.0,28.0979,23.5044,32.5365,96.41957,65.27,313.7,3.95
2020-06-07,0.0,27.7565,23.3252,31.7951,96.17665,65.57,349.11,5.15
2020-06-08,0.96,26.469,21.617,31.0905,95.85908,65.19,307.04,4.5
2020-06-09,0.0,25.6446,19.4188,31.521,95.10556,71.19,293.89,3.67
2020-06-10,15.52,18.1517,11.7917,28.0044,95.86175,66.21,330.69,4.97
2020-06-11,0.0,22.2308,14.9311,30.6066,97.24775,46.0,353.3,2.65
2020-06-12,0.0,25.5805,20.9419,31.4281,97.33918,46.38,346.69,3.39
2020-06-13,0.0,26.192,20.5376,31.813,96.97282,51.68,343.85,3.86
2020-06-14,0.0,26.4991,19.917,31.931,96.80865,50.41,331.08,5.28
2020-06-15,0.0,25.9739,21.7034,31.8781,96.67233675105486,54.9,261.3,5.0
2020-06-16,0.0,12.460202517482514,7.847813146853157,18.531683356643363,96.67233675105486,67.0629083094556,178.15412095639945,4.48
2020-06-17,0.0,12.460202517482514,7.847813146853157,18.531683356643363,96.60432,67.0629083094556,178.15412095639945,5.57
2020-06-18,0.0,26.7828,21.4101,31.9773,96.28884,61.33,327.47,5.94
2020-06-19,26.14,21.8543,18.3262,30.6144,96.58114,82.06,90.17,2.46
2020-06-20,0.86,21.7595,17.7974,28.0232,96.57646,79.36,313.24,1.41
2020-06-21,0.0,23.2985,20.0693,27.3918,96.26949,79.29,102.8,2.77
2020-06-22,3.09,23.1732,18.6422,28.4618,96.12881,67.54,313.59,2.94
2020-06-23,5.89,20.3148,15.6682,27.6675,96.61573,73.94,327.1,3.2567182662538703
2020-06-24,0.0,23.2726,16.7015,29.093,96.53177,58.27,344.03,3.2567182662538703
2020-06-25,0.0,25.4135,18.1593,32.5943,96.3667,58.17,336.63,3.2567182662538703
2020-06-26,0.0,27.1663,22.5125,32.4438,96.35132,61.96,213.31,3.2567182662538703
2020-06-27,35.78,24.7336,17.8245,31.5346,96.13565,75.6,285.38,3.2567182662538703
2020-06-28,2.93,26.552,22.1093,31.5071,95.60603,77.4,263.4,3.2567182662538703
2020-06-29,0.0,27.0116,23.2455,31.4136,95.5869,75.03,296.89,3.2567182662538703
2020-06-30,0.0,27.4441,23.8144,31.9341,95.64188,76.24,317.5,3.2567182662538703
2020-07-01,0.0,26.3169,20.707,31.4156,95.95607,78.85,287.99,3.2567182662538703
2020-07-02,0.0,25.3502,22.1255,30.1015,96.52508,84.22,280.82,3.2567182662538703
2020-07-03,0.0,24.2941,18.9926,29.2332,96.74005,78.41,229.01,3.2567182662538703
2020-07-04,0.0,25.3337,21.5441,29.7392,96.69928,80.95,289.96,3.2567182662538703
2020-07-05,0.0,12.460202517482514,7.847813146853157,18.531683356643363,96.67233675105486,67.0629083094556,178.15412095639945,3.2567182662538703
2020-07-06,0.0,26.2782,21.1952,30.6886,96.61462,71.48,227.96,3.2567182662538703
2020-07-07,0.0,27.6323,22.4575,32.5656,96.61011,65.25,325.13,3.2567182662538703
2020-07-08,0.0,28.0919,23.49,32.6437,96.29971,62.05,336.87,3.2567182662538703
2020-07-09,26.95,24.7737,17.6107,31.8152,96.19802,69.51,278.94,3.2567182662538703
2020-07-10,0.0,25.9361,21.2272,30.3339,96.7174,63.17,329.3,3.2567182662538703
2020-07-11,0.0,26.6279,22.3217,31.1352,96.6376,71.23,247.21,3.2567182662538703
2020-07-12,0.0,24.8198,18.7464,29.1103,96.63945,66.65,332.23,3.2567182662538703
2020-07-13,0.0,25.5241,19.2562,31.174,96.35241,61.61,341.37,3.2567182662538703
2020-07-14,0.0,25.958,21.794,31.4601,96.1701,74.13,259.0,3.2567182662538703
2020-07-15,2.4585307346326837,12.460202517482514,7.847813146853157,18.531683356643363,96.67233675105486,67.0629083094556,178.15412095639945,3.2567182662538703
2020-07-16,0.0,24.6257,20.9197,29.312,96.76976,77.31,269.25,3.2567182662538703
2020-07-17,0.0,27.3042,23.6751,32.9684,96.6933,74.37,268.93,3.2567182662538703
2020-07-18,0.0,29.4067,25.2044,34.236,96.27349,66.88,290.47,3.2567182662538703
2020-07-19,0.0,27.0285,21.7214,33.0022,96.51255,73.06,282.03,3.2567182662538703
2020-07-20,17.33,23.7535,19.3427,28.2416,96.55421,82.59,179.96,3.2567182662538703
2020-07-21,23.26,22.9796,20.2862,28.2418,96.51799,85.59,185.97,3.2567182662538703
2020-07-22,0.0,26.0489,21.1289,30.3356,96.67682,70.61,294.02,3.2567182662538703
2020-07-23,0.0,27.1874,22.909,31.4834,96.76331,71.18,304.8,2.96
2020-07-24,0.0,27.7452,23.7809,31.7717,96.79077,73.67,301.56,3.23
2020-07-25,0.02,27.8694,23.7384,32.0976,96.68341,71.58,306.03,3.74
2020-07-26,0.0,28.005,23.7499,32.7073,96.66835,70.34,301.51,3.84
2020-07-27,5.87,23.317,21.0448,30.678,96.7886,89.51,156.6,1.87
2020-07-28,1.24,23.958,21.3053,29.2406,96.66754,67.0629083094556,206.7,1.63
2020-07-29,21.72,24.3016,22.1298,28.9745,96.31758,91.16,143.63,2.18
2020-07-30,4.25,22.4763,21.0821,25.3338,96.18666,95.74,100.88,2.4
2020-07-31,10.64,20.9202,18.084,26.2301,96.63307,84.01,181.34,2.29
2020-08-01,0.0,22.4917,17.4662,27.1897,96.69855,70.04,278.71,1.02
2020-08-02,3.62,21.5471,18.1498,26.3039,96.73225,72.71,320.78,2.03
2020-08-03,0.0,20.2824,15.6867,25.0007,97.03542,69.37,300.59,1.89
2020-08-04,0.0,18.9742,13.7803,22.7942,97.11415,61.16,264.24,1.41
2020-08-05,0.0,20.2079,15.5819,26.7525,96.86903,63.85,299.58,3.03
2020-08-06,0.0,22.7982,19.2036,28.7921,96.61427,76.7,212.46,3.29
2020-08-07,0.0,24.7066,21.7145,29.3973,96.48502,82.36,254.91,4.15
2020-08-08,0.0,27.4025,23.3828,34.0518,96.42899,74.99,303.78,4.4
2020-08-09,0.41,27.1445,22.0588,33.1628,96.38246,68.86,211.26,4.95
2020-08-10,0.37,26.8365,24.2716,30.3598,96.37473,70.45,199.58,3.65
2020-08-11,0.0,25.7146,21.1059,31.8095,96.5109,77.96,254.56,1.42
2020-08-12,0.0,24.5292,20.4131,29.9379,96.57909,80.92,177.76,2.6
2020-08-13,0.0,24.9097,19.7399,30.7832,96.55134,76.89,263.1,1.89
2020-08-14,0.17,26.1234,20.4527,32.109,96.48911,76.04,281.3,2.43
2020-08-15,0.0,26.5484,22.3174,30.6322,96.71802,69.02,295.13,2.35
2020-08-16,1.73,22.0603,18.2183,26.9008,97.04389,65.58,135.28,2.0
2020-08-17,10.96,22.4189,16.8374,28.9003,97.17928,72.76,306.91,1.91
2020-08-18,0.0,22.9503,18.0264,27.2924,97.10632,65.98,234.53,0.91
2020-08-19,0.0,22.0782,15.8439,27.6931,96.89103,64.36,300.94,1.79
2020-08-20,0.0,23.1459,17.3179,29.5602,96.56747,61.68,295.96,2.85
2020-08-21,0.0,24.4548,19.0875,30.1357,96.31634,61.54,283.94,3.15
2020-08-22,0.0,25.2541,19.7602,31.7208,96.39754,61.57,278.57,2.57
2020-08-23,0.0,26.7001,20.8409,33.2923,96.55985,54.7,278.39,3.12
2020-08-24,0.0,27.3477,21.4005,33.4725,96.76802,53.29,284.83,3.09
2020-08-25,0.0,27.3848,22.0402,33.487,96.73459,53.28,276.72,3.39
2020-08-26,0.0,27.5235,22.6047,33.6365,96.4938,53.67,282.94,3.3
2020-08-27,0.0,26.0335,19.6736,32.998,96.24621,66.97,273.97,3.28
2020-08-28,0.0,27.6333,21.7579,34.3517,96.01967,65.33,271.4,2.02
2020-08-29,24.3,23.3469,18.2915,32.7258,96.44277,71.48,180.41,2.28
2020-08-30,0.09,21.9411,15.6279,28.4156,96.13855,70.64,252.47,1.94
2020-08-31,0.0,22.0743,17.2672,26.2651,95.87098,79.38,181.98,3.69
2020-09-01,3.07,21.0865,18.0173,26.7822,96.07908,83.71,139.54,1.84
2020-09-02,0.0,23.9276,18.228,29.1812,96.28448,73.4,221.78,1.42
2020-09-03,0.0,23.1989,19.9048,27.295,96.39523,68.8,267.89,3.19
2020-09-04,0.0,21.2896,13.1431,29.4459,97.13917,45.75,270.07,1.53
2020-09-05,0.0,25.838,20.5509,33.0523,97.32074,66.05,254.59,2.4
2020-09-06,0.0,28.0051,22.5795,34.8324,96.57846,59.12,247.2,5.77
2020-09-07,0.0,26.5166,18.9246,34.4422,95.92474,61.57,233.54,3.53
2020-09-08,0.62,14.1694,7.98,32.2447,96.43787,82.31,31.26,5.23
2020-09-09,10.22,7.8946,6.8159,9.6719,97.32916,96.0,35.09,4.29
2020-09-10,19.33,9.806,7.9296,12.9816,97.63407,94.51,79.17,2.87
2020-09-11,0.79,12.3949,10.9818,15.3008,97.32333,67.0629083094556,69.26,1.2
2020-09-12,0.0,16.5399,12.2353,22.972,96.63367,83.92,240.52,1.88
2020-09-13,0.0,20.0298,13.5612,26.302,96.99659,64.49,259.64,1.01
2020-09-14,0.0,20.107,14.719,25.1233,97.50583,67.25,246.88,1.73
2020-09-15,0.0,20.3465,14.9093,27.2732,97.32479,74.03,217.68,1.48
2020-09-16,0.0,21.7606,16.9907,28.1982,96.92093,67.34,219.41,1.72
2020-09-17,0.0,18.5907,12.8203,26.5697,97.20668,68.91,201.56,1.79
2020-09-18,0.0,16.2982,11.3358,22.5367,97.4292,70.37,211.89,1.51
2020-09-19,0.03,17.2948,12.1634,23.8763,97.35808,70.56,193.97,2.84
2020-09-20,0.07,17.8978,12.2428,24.4631,97.21078,66.33,203.32,3.71
2020-09-21,0.0,19.0739,13.6426,26.4961,97.26527,67.79,215.61,2.71
2020-09-22,0.0,19.5384,15.6327,24.4404,97.08945,71.22,158.38,2.61
2020-09-23,0.0,20.2143,18.244,24.1794,96.79787,79.47,107.58,2.24
2020-09-24,0.0,20.976,15.6478,29.4704,96.34171,73.13,218.45,3.21
2020-09-25,0.03,23.6706,18.2601,32.0704,96.02453,66.45,222.56,4.58
2020-09-26,0.0,25.6047,20.0657,33.6629,95.73424,59.86,201.96,6.19
2020-09-27,20.37,19.3929,11.1163,28.5515,96.04106,69.94,26.59,3.79
2020-09-28,0.0,13.016,7.6968,19.9877,96.84448,66.71,199.13,2.38
2020-09-29,0.0,13.9395,5.1574,24.0541,96.84368,51.19,229.58,1.76
2020-09-30,0.0,18.6061,13.0029,23.2925,96.46041,34.26,224.59,2.77
2020-10-01,0.0,13.1492,7.6445,19.288,97.4472,40.37,231.02,2.15
2020-10-02,0.0,12.2776,5.3304,20.0474,97.39984,46.14,214.79,1.58
2020-10-03,0.0,13.505,8.9098,17.6403,96.71548,55.68,215.68,3.24
2020-10-04,0.0,11.8726,5.5107,19.4162,97.44176,65.79,214.78,1.32
2020-10-05,0.2,16.1101,10.0062,25.8379,96.84842,50.1,195.15,4.98
2020-10-06,0.0,19.1574,11.7691,28.4102,96.67061,52.99,210.93,1.9
2020-10-07,0.0,22.8025,14.9674,32.7963,96.56351,51.19,196.81,2.52
2020-10-08,0.0,22.7472,14.9952,30.8933,96.70715,57.37,196.3,2.43
2020-10-09,0.0,22.6397,17.6487,28.6171,96.22818,58.77,188.2,5.65
2020-10-10,0.0,21.5268,16.1696,28.3607,96.15368,74.29,176.76,2.72
2020-10-11,0.0,22.5034,16.8009,30.068,95.85943,68.28,193.86,4.61
2020-10-12,0.13,17.1806,8.5825,27.1703,96.29275,48.18,209.18,3.19
2020-10-13,0.0,17.4449,11.5347,23.81,96.8067,31.64,198.67,3.43
2020-10-14,0.0,19.6885,15.7715,26.133,96.07758,37.23,188.05,4.34
2020-10-15,0.0,13.2342,9.114,21.1234,96.95722,37.68,185.43,2.77
2020-10-16,0.0,9.4438,1.9466,16.2853,97.58782,36.76,171.12,1.36
2020-10-17,0.31,14.7084,11.2967,20.131,96.27653,35.43,135.85,6.3
2020-10-18,0.0,8.4826,3.1351,18.5564,96.94493,58.27,68.85,3.85
2020-10-19,0.0,5.5064,3.7673,7.5992,97.18582,51.71,63.97,2.91
2020-10-20,0.0,6.6314,3.9648,10.9633,96.85148,74.49,61.63,1.44
2020-10-21,0.0,7.0291,3.3218,9.752,96.88758,91.8,32.99,1.55
2020-10-22,0.0,15.6451,7.7812,27.9847,96.10269,67.0629083094556,98.36,5.05
2020-10-23,2.68,3.7125,1.8382,7.7991,97.28303,80.76,65.16,4.32
2020-10-24,0.0,1.5342,0.2754,3.1134,97.47397,72.75,41.39,2.07
2020-10-25,0.0,1.381,-0.6957,2.9402,97.13788,88.03,14.61,2.65
2020-10-26,1.75,-3.376,-5.6881,-0.6018,97.76013,82.81,39.33,3.65
2020-10-27,1.23,-1.9374,-3.3608,1.574,97.71026,65.36,61.24,1.46
2020-10-28,0.0,2.202,-1.6406,7.2105,96.88851,63.73,66.18,1.28
2020-10-29,0.0,6.4524,2.1413,9.4205,96.74021,55.03,168.03,3.55
2020-10-30,0.0,9.606,3.7397,21.2307,97.15832,51.74,166.75,2.3
2020-10-31,0.0,14.1086,10.217,19.5076,96.69796,46.71,163.1,5.52
2020-11-01,0.0,8.7562,2.0594,17.0039,98.01782,40.0,166.3,1.73
2020-11-02,0.07,10.5192,3.8528,20.8745,97.85575,35.12,156.82,3.16
2020-11-03,0.0,15.714,8.738,26.8955,96.96789,52.54,158.77,3.54
2020-11-04,0.0,16.982,12.0823,22.5951,96.68273,46.04,110.61,4.77
2020-11-05,0.0,15.2692,9.1825,22.8694,97.01745,57.13,139.7,2.63
2020-11-06,0.0,17.077,11.2616,22.5843,96.94741,65.56,149.72,3.55
2020-11-07,0.05,17.6435,12.7802,23.5143,96.56232,68.81,147.4,6.45
2020-11-08,0.0,17.7662,13.7686,23.7599,96.25747,67.84,114.06,6.64
2020-11-09,0.0,18.7146,16.5367,21.6337,96.10406,78.17,37.48,6.68
2020-11-10,14.5,3.6064,0.7215,19.7364,96.02771,86.41,53.45,3.29
2020-11-11,0.32,3.8116,-1.567,14.2228,96.73886,66.81,146.05,1.67
2020-11-12,0.0,7.1892,3.0093,13.4394,96.72521,57.91,134.83,2.67
2020-11-13,0.0,0.4586,-6.7751,9.5517,97.38305,64.62,141.05,2.18
2020-11-14,0.01,11.2509,3.0703,19.5282,95.58584,56.98,129.58,5.16
2020-11-15,0.0,7.8506,2.1372,14.7693,96.51953,42.6,132.36,4.19
2020-11-16,0.0,9.4985,4.8398,18.2749,97.22295,31.72,137.61,3.24
2020-11-17,0.0,11.9773,4.2797,17.7474,97.94121,31.75,134.68,2.28
2020-11-18,0.0,14.7343,10.1965,22.2262,96.9677,36.35,120.77,8.35
2020-11-19,0.0,17.8285,14.6166,22.3253,96.25411,44.97,126.72,7.37
2020-11-20,0.0,13.3674,6.9014,19.2271,97.2939,62.33,124.95,2.95
2020-11-21,0.6,7.5306,4.9564,11.9361,97.97152,60.15,28.88,3.37
2020-11-22,0.83,6.4444,3.5844,12.5341,97.73972,73.08,131.9,1.88
2020-11-23,5.3,5.1039,2.1558,9.246,97.43263,63.72,11.34,2.15
2020-11-24,1.22,10.1336,5.9621,13.0566,96.04952,79.78,19.86,4.5
2020-11-25,28.16,3.7423,0.8932,10.8941,96.04468,92.99,40.98,3.32
2020-11-26,0.0,5.2333,-0.0768,14.8756,96.5122,69.29,115.88,2.35
2020-11-27,0.0,4.8645,-0.2094,10.9538,97.20751,72.15,121.98,2.02
2020-11-28,0.0,6.1854,-0.1791,13.145,97.33721,52.65,124.19,2.5
2020-11-29,0.28,5.5199,2.1572,8.3375,97.07366,58.16,101.62,4.37
2020-11-30,0.0,-1.4123,-7.7088,5.0377,97.68717,55.63,128.1,2.32
2020-12-01,0.0,1.5026,-5.6478,9.3375,96.67951,49.78,119.78,2.45
2020-12-02,0.0,2.815,-2.1878,8.7632,97.21236,58.7,95.37,2.17
2020-12-03,0.0,0.6963,-3.3748,6.577,97.4696,70.69,107.52,2.03
2020-12-04,0.0,1.6204,-3.4181,12.6015,96.95662,65.59,86.68,1.92
2020-12-05,0.0,5.2637,0.2084,9.5298,97.13962,56.14,116.66,1.85
2020-12-06,0.0,3.5883,-0.0037,7.924,97.06985,67.22,116.44,1.42
2020-12-07,0.0,3.6111,-1.828,13.0205,97.02534,70.46,118.57,1.77
2020-12-08,0.0,6.7304,-0.2547,15.0192,96.99577,43.64,115.59,1.7
2020-12-09,0.0,10.9127,3.3825,19.9453,96.68056,34.47,112.94,1.7
2020-12-10,0.0,11.9476,4.713,18.4448,96.29442,42.01,111.39,1.59
2020-12-11,4.75,4.2642,2.3732,10.8135,96.05042,71.93,26.05,2.75
2020-12-12,0.0,0.3282,-0.7871,2.515,96.38204,91.71,26.99,2.6
2020-12-13,0.0,-2.0066,-5.1394,1.5412,97.27236,83.33,97.54,1.88
2020-12-14,2.72,-3.8224,-8.286,2.908,97.55444,83.62,112.66,1.35
2020-12-15,0.15,-3.9925,-5.7773,-1.6147,97.14842,79.62,34.34,2.15
2020-12-16,0.0,-3.3823,-5.0428,0.3375,96.79846,86.38,41.88,1.41
2020-12-17,0.08,0.1882,-4.2063,9.9812,96.8074,75.92,113.3,2.27
2020-12-18,0.06,6.0842,1.8598,11.6371,96.41986,59.05,98.76,6.03
2020-12-19,0.0,0.464,-5.722,6.9388,96.93806,70.99,113.9,1.57
2020-12-20,0.0,3.9514,-0.4548,11.4236,96.52668,58.13,108.48,2.76
2020-12-21,1.01,8.3929,4.3644,15.1348,96.53462,46.42,108.18,2.82
2020-12-22,0.66,11.1504,5.6945,18.8636,96.66057,38.15,102.28,4.34
2020-12-23,0.6,6.4576,-4.5746,15.0095,95.42866,58.16,52.25,7.61
2020-12-24,0.81,-5.2455,-8.5739,-1.5387,96.9765,59.55,98.84,2.78
2020-12-25,0.0,-4.1498,-11.8359,9.3693,97.02351,65.04,113.57,1.95
2020-12-26,0.0,6.8212,-1.5667,16.6458,96.30921,49.69,105.48,2.41
2020-12-27,0.0,5.9811,0.4286,11.959,95.78568,47.55,96.95,3.43
2020-12-28,0.0,-0.6431,-5.031,5.4344,97.57665,70.66,77.99,1.55
2020-12-29,20.01,-0.8201,-2.1484,0.2248,97.17474,77.86,6.33,2.51
2020-12-30,0.29,-0.4965,-2.9751,1.6971,96.87204,67.0629083094556,102.79,2.37
2020-12-31,0.0,-1.8742,-6.3107,3.5293,97.15335,72.7,105.88,1.57
